序号,site,title,发现时间,关键词
1,http://chanpin.zk71.com/info/166157624.html,24小时自助刷业务 快手代刷自助平台,2020-07-21,intitle:24小时自助代刷平台
2,http://7k6k.1kzn.cn/?cid=9&gid=2369,全网最稳代刷平台 - 24小时自助下单平台!,2020-07-21,intitle:24小时自助代刷平台
3,http://www.aaakk.cn/,芯诚科技-代刷平台-24小时自助下单平台 -,2020-07-21,intitle:24小时自助代刷平台
4,http://xing.iyule8.com/,"...专业的24小时自助下单系统,低价代刷网,低价业务下单平台,176...",2020-07-21,intitle:24小时自助代刷平台
5,http://www.nncoco.cn/,QQ代刷网 - 24小时自助下单_口口代刷网,2020-07-21,intitle:24小时自助代刷平台
6,https://20021221.ieqq.net/?cid=311,"QQ代刷网,是全网最低价的代刷平台,24小时自助下单 -",2020-07-21,intitle:24小时自助代刷平台
7,http://13888581186.7vu.cn/pc/index/kf,24小时网红自助下单平台-代刷网,2020-07-21,intitle:24小时自助代刷平台
8,https://weibo.com/1212675670/HqC1qcriC?type=comment,24小时自助代刷平台每天免费领取100名片... 来自沉沦深深 - 微博,2020-07-21,intitle:24小时自助代刷平台
9,https://www.kancloud.cn/as68285802/aswl,啊生代刷网-24小时自助下单平台 · 看云,2020-07-21,intitle:24小时自助代刷平台
10,http://www.95ds.cn/,...专业代刷平台_95代刷_九五代刷网_QQ代刷网站_24小时自助下单平台,2020-07-21,intitle:24小时自助代刷平台
11,http://myj.3dashu.com/,xdd代刷-24小时自助下单平台 -,2020-07-21,intitle:24小时自助代刷平台
12,http://groups.tianya.cn/post-hqxx-h303674597.html,"打听24小时自助平台下单,代刷抖音1元10万粉是真的吗-【运营工作室...",2020-07-21,intitle:24小时自助代刷平台
13,http://wap.777dsw.com/?cid=118,"七七代刷网 - 专业的24小时自助下单平台网课代刷,低价代刷网,低价...",2020-07-21,intitle:24小时自助代刷平台
14,http://6699ds.com/?buyok=1,"...华尔代刷网,QQ代刷网24小时自助下单平台.全天24小时自动处理...",2020-07-21,intitle:24小时自助代刷平台
15,http://aakp.cn/,芯诚网络-代刷平台-24小时自助下单平台 - 官网,2020-07-21,intitle:24小时自助代刷平台
16,http://www.7x6x.com/dh/ds/396.html,腾讯代刷网-24小时自助下单的代刷网平台-技术导航,2020-07-21,intitle:24小时自助代刷平台
17,https://zzw.086k.cn/,盛夏代刷网-QQ代刷网-全网便宜的代刷商城-24小时自助下单平台! -,2020-07-21,intitle:24小时自助代刷平台
18,https://30m8.cn/?cid=250,"...诗梦代刷网,QQ业务代刷网,24小时自助下单的代刷网平台,代刷...",2020-07-21,intitle:24小时自助代刷平台
19,http://yot.widsw.com/,小蚂蚁代刷网 - 代刷社区-免费代刷网-24小时自助下单平台,2020-07-21,intitle:24小时自助代刷平台
20,http://www.558ka.com/news/3929.html,抖音自助刷点赞平台_抖音代刷网24小时自助下单_抖音刷粉,2020-07-21,intitle:24小时自助代刷平台
21,http://www.dmzhuan.cn/,"QQ代刷网 - 代刷网,网课代刷网,专业代刷平台,24小时自助下单系统",2020-07-21,intitle:24小时自助代刷平台
22,https://www.21538.net/,QQ赞在线代刷-代刷网24小时自助下单,2020-07-21,intitle:24小时自助代刷平台
23,http://www.34kj.cn/,"...QQ代刷网 网红助手,网技术业务网,QQ业务代刷平台,24小时自助...",2020-07-21,intitle:24小时自助代刷平台
24,http://www.wy886.cn/bokeqq/381.html,QQ代刷网可以提供24小时自助下单的服务-卡盟排行榜_QQ刷赞平台_代...,2020-07-21,intitle:24小时自助代刷平台
25,http://www.sudupan.com/down_1777929.aspx,我爱最好的qq代刷网在线刷平台我爱代刷网24小时自助下单平台1.1.1...,2020-07-21,intitle:24小时自助代刷平台
26,http://wangke.zhaqq.com/,"网课代刷网 - 网课代看,低价刷课平台,24小时自助下单",2020-07-21,intitle:24小时自助代刷平台
27,https://www.sojson.com/ssl/19OoO!!GBJ5YCKvJmUudnZitmYT2D3D3D.html,"QQ代刷网 - 众人代刷网,QQ业务代刷平台,24小时自助下单|wwwwkr...",2020-07-21,intitle:24小时自助代刷平台
28,http://www.qwka8.com/?100try.com,陌轩代刷网 - QQ代刷网-QQ业务自助下单平台-24小时自动秒单,2020-07-21,intitle:24小时自助代刷平台
29,http://www.48484.net/siteinfo/4124.html,"土豪代刷网 - QQ代刷网,QQ业务代刷平台,24小时自助下单",2020-07-21,intitle:24小时自助代刷平台
30,http://www.qq-pay.cn/,"QQ平台 - 代刷系统|低价名片赞,低价QQ钻,24小时自助下单|腾讯QQ...",2020-07-21,intitle:24小时自助代刷平台
31,http://9999.10dai.cn/?index=profile,我的用户中心 - 梦梦代刷网 - 24小时自助下单平台,2020-07-21,intitle:24小时自助代刷平台
32,https://www.25676.net/31130.html,QQ代刷网24小时自助下单的平台-刷qq名片赞-爱购代刷网,2020-07-21,intitle:24小时自助代刷平台
33,http://88yp.red/,"初心代刷网 - 球球百货商城-提供24小时自助下单服务,支持球球业务...",2020-07-21,intitle:24小时自助代刷平台
34,https://www.smoxo.cn/319.html,三八代刷网 - 国内最好的业务最便宜的QQ代刷网_24小时自助下单平台,2020-07-21,intitle:24小时自助代刷平台
35,http://www.hei8seo.com/article/100213.html,"免费刷qq会员(土豪代刷,低价QQ业务平台,24小时自助下单)_达达兔...",2020-07-21,intitle:24小时自助代刷平台
36,http://www.thseoer.com/fenlei/fl/5/69.html,"技术业务网-QQ业务代刷平台,24小时自助下单-天鸿网址导航",2020-07-21,intitle:24小时自助代刷平台
37,http://jd.websc.la/,...QQ代刷网 在线刷名片赞 刷空间人气 24小时自助下单平台 -,2020-07-21,intitle:24小时自助代刷平台
38,https://xlqwlcm.cn/sites/422.html,"网课代刷网 - 网课代看,低价刷课平台,24小时自助下单 | 网课小助手",2020-07-21,intitle:24小时自助代刷平台
39,http://www.055q.cn/,"QQ空间业务自助下单 - 黑夜云代刷网,提供24小时自动下单服务,专业...",2020-07-21,intitle:24小时自助代刷平台
40,http://tomienn.com/archives/924,荣轩代刷网-全网最低价代刷网 – 24小时自助下单平台-微信一键...,2020-07-21,intitle:24小时自助代刷平台
41,http://wl.jianzhizj.com/wap/wailian/boke/71.html,QQ代刷网 - 24小时自助平台 - 优质【外链】博客 - 免费外链发布网,2020-07-21,intitle:24小时自助代刷平台
42,http://m.zyds8.cn/,"小熊代刷网 - 低价刷赞网站,24小时自助下单平台,全网最低QQ业务",2020-07-21,intitle:24小时自助代刷平台
43,http://weikl.cn/post/5397.html,快手业务秒刷平台快手刷粉代刷网24小时自助下-网红大事件-专注...,2020-07-21,intitle:24小时自助代刷平台
44,http://cdpcsteel.com/,QQ代刷网_多宝秒赞网★刷赞平台_名片赞★24小时自助下单★最便宜...,2020-07-21,intitle:24小时自助代刷平台
45,http://59zzz.cn/,爱浪代刷网 - QQ代刷网-权威认证-24小时自助下单平台-拼多多砍价...,2020-07-21,intitle:24小时自助代刷平台
46,http://www.laoliapi.cn/daishua/1622.html,"彩虹代刷网,彩虹代刷网,qq代刷网,快手业务24小时自助下单平台,全...",2020-07-21,intitle:24小时自助代刷平台
47,https://www.knndh.cn/daohang/99.html,QQ代刷网 - 年华代刷网 - 全网最稳QQ业务代刷网站 - 24小时自助下单,2020-07-21,intitle:24小时自助代刷平台
48,http://ewm.607ka.cn/,"鸥神代刷网 - 欢迎来到QQ代刷网,24小时自助下单平台,所有业务正常...",2020-07-21,intitle:24小时自助代刷平台
49,https://m.iapolo.com/k_ys.ys3.cc.html,"www.ys3.cc QQ代刷网 - 代刷网,24小时自助下单平台!",2020-07-21,intitle:24小时自助代刷平台
50,https://www.huzhan.com/serve/goods7239.html?from=message_moresearch,...业务/便宜代刷/低价快手业务代刷/QQ代/低价名片赞/24小时自助...,2020-07-21,intitle:24小时自助代刷平台
51,http://www.aizhanku.com/t34112,彩虹代刷网源码 彩虹社区自助下单系统 3.9免授权 24小时自助下单...,2020-07-21,intitle:24小时自助代刷平台
52,http://1699ds.cn/,"...唯梦代刷网,网红QQ代刷网24小时自助下单平台.全天24小时自动...",2020-07-21,intitle:24小时自助代刷平台
53,http://www.111dsw.com/?mod=site,"自助开通分站 - 专业的24小时自助下单系统,QQ代刷网,代刷网,176代...",2020-07-21,intitle:24小时自助代刷平台
54,http://chuxiong.info/,24小时网红自助下单平台-代刷网,2020-07-21,intitle:24小时自助代刷平台
55,http://aaakp.cn/,芯诚网络-代刷平台-24小时自助下单平台 - 官网,2020-07-21,intitle:24小时自助代刷平台
56,http://18ks.cn/,"QQ代刷网 - 玖玖代刷网,您的网红助手,24小时自助下单平台",2020-07-21,intitle:24小时自助代刷平台
57,http://www.s400.cn/,QQ代刷网 - 24小时自助下单_免费代刷网_熊猫卡密自助下单平台,2020-07-21,intitle:24小时自助代刷平台
58,http://www.cnwn365.com/article-107620-1.html,业务秒刷网24小时自助下单代刷平台全网最便宜网址安徽皖南网...,2020-07-21,intitle:24小时自助代刷平台
59,http://sansui666.ddssv.com/,全网代刷 - 24小时自助下单平台!,2020-07-21,intitle:24小时自助代刷平台
60,http://qqpt.cn/,"QQ平台 - 代刷系统|低价名片赞,低价QQ钻,24小时自助下单|腾讯QQ...",2020-07-21,intitle:24小时自助代刷平台
61,http://shua.82ds.cn/?cid=48&gid=793,专业稳定24小时自动后台代刷 - 24小时自助下单平台!,2020-07-21,intitle:24小时自助代刷平台
62,http://ds.lengmo.me/,QQ代刷网 - 您最值得信赖的24小时自助下单平台,2020-07-21,intitle:24小时自助代刷平台
63,http://8.1kds.cn/,我爱代刷网-24小时自助下单商城 - 凯荣代刷网-我爱代刷网-代刷网...,2020-07-21,intitle:24小时自助代刷平台
64,http://zhongguo.iyule8.com/,"中国自助下单平台 - 专业的24小时自助下单系统,低价代刷网,低价...",2020-07-21,intitle:24小时自助代刷平台
65,http://zz.dxsjz.com/article/1784.html,业务秒刷网24小时自助下单代刷平台全网最便宜网址 - 郑州站,2020-07-21,intitle:24小时自助代刷平台
66,http://94xy.cn/,"华语代刷网 - 球球百货商城-提供24小时自助下单服务,支持球球业务...",2020-07-21,intitle:24小时自助代刷平台
67,https://www.xiaoxingkong.cn/,小星空代刷网-24小时自助下单平台! - 星空代刷网,2020-07-21,intitle:24小时自助代刷平台
